<?xml version="1.0" encoding="utf-8"?>
<merger version="3"><dataSet config=":webview_flutter_android" ignore_pattern="!.svn:!.git:!.ds_store:!*.scc:.*:&lt;dir>_*:!CVS:!thumbs.db:!picasa.ini:!*~"><source path="C:\flutterprojects\flutterwaveapp\build\webview_flutter_android\intermediates\library_assets\debug\out"/></dataSet><dataSet config="main" ignore_pattern="!.svn:!.git:!.ds_store:!*.scc:.*:&lt;dir>_*:!CVS:!thumbs.db:!picasa.ini:!*~"><source path="C:\flutterprojects\flutterwaveapp\android\app\src\main\assets"/><source path="C:\flutterprojects\flutterwaveapp\build\app\intermediates\shader_assets\debug\out"/></dataSet><dataSet config="debug" ignore_pattern="!.svn:!.git:!.ds_store:!*.scc:.*:&lt;dir>_*:!CVS:!thumbs.db:!picasa.ini:!*~"><source path="C:\flutterprojects\flutterwaveapp\android\app\src\debug\assets"/></dataSet></merger>